Model,BestParams,Accuracy,Precision,Recall,F1 Score
LogisticRegression,{'C': 0.1},0.4166666666666667,0.10416666666666667,0.25,0.14705882352941177
DecisionTree,{'max_depth': 10},0.25,0.2193627450980392,0.20833333333333331,0.21205357142857145
RandomForest,"{'max_depth': 10, 'n_estimators': 50}",0.4444444444444444,0.421875,0.375,0.3796182266009852
SVC,"{'C': 10, 'gamma': 'scale'}",0.3055555555555556,0.08088235294117647,0.22916666666666666,0.11956521739130435
XGBClassifier,"{'learning_rate': 0.01, 'max_depth': 3, 'n_estimators': 100}",0.3333333333333333,0.26339285714285715,0.35,0.2956378299120235
