Model,BestParams,Accuracy,Precision,Recall,F1 Score
LogisticRegression,{'C': 0.1},0.4166666666666667,0.10416666666666667,0.25,0.14705882352941177
DecisionTree,{'max_depth': 3},0.4722222222222222,0.3416666666666667,0.48431372549019613,0.3807359307359308
RandomForest,"{'max_depth': 5, 'n_estimators': 100}",0.5833333333333334,0.2951505016722408,0.3245098039215686,0.3053571428571429
SVC,"{'C': 0.1, 'gamma': 'scale'}",0.4722222222222222,0.11805555555555555,0.25,0.16037735849056603
XGBClassifier,"{'learning_rate': 0.01, 'max_depth': 3, 'n_estimators': 50}",0.5,0.3399122807017544,0.3887254901960785,0.3595785440613027
