Model,BestParams,Accuracy,Precision,Recall,F1 Score
LogisticRegression,{'C': 0.1},0.027777777777777776,0.004629629629629629,0.16666666666666666,0.009009009009009009
DecisionTree,{'max_depth': 5},0.6111111111111112,0.3880952380952381,0.4064625850340136,0.3603174603174603
RandomForest,"{'max_depth': 5, 'n_estimators': 50}",0.75,0.40185185185185185,0.3968253968253968,0.3952505827505827
SVC,"{'C': 0.1, 'gamma': 'scale'}",0.3888888888888889,0.06481481481481481,0.16666666666666666,0.09333333333333334
XGBClassifier,"{'learning_rate': 0.01, 'max_depth': 5, 'n_estimators': 100}",0.6111111111111112,0.30652260904361744,0.28231292517006806,0.28534854802135906
