Model,BestParams,Accuracy,Precision,Recall,F1 Score
LogisticRegression,{'C': 0.1},0.027777777777777776,0.003968253968253968,0.14285714285714285,0.007722007722007722
DecisionTree,{'max_depth': 3},0.5833333333333334,0.42197712418300654,0.4667207792207792,0.33817204301075265
RandomForest,"{'max_depth': 10, 'n_estimators': 100}",0.7222222222222222,0.38321995464852604,0.46567717996289426,0.3937074829931973
SVC,"{'C': 0.1, 'gamma': 'scale'}",0.3888888888888889,0.05555555555555556,0.14285714285714285,0.08
XGBClassifier,"{'learning_rate': 0.1, 'max_depth': 3, 'n_estimators': 50}",0.6944444444444444,0.3679138321995465,0.45269016697588127,0.3682172869147659
